virtual_id,case_type,A_glotis,A_epiglotis,r_curvature,d_trachea,l_trachea,teta_branch_trachea,l_l,l_r,teta_branch_l,teta_branch_r,l_ll,l_lr,l_rl,l_rr,teta_branch_ll,teta_branch_lr,teta_branch_rl,teta_branch_rr,l_lll,l_llr,l_lrl,l_lrr,l_rll,l_rlr,l_rrl,l_rrr,resistance_proxy,virtual_regime
virtual_0760,WIDE_LOW_PRESSURE,227.89193070890778,328.24109042380553,50.71642979249738,18.237435507077073,124.50789407495175,99.29703001938708,56.9000921215171,26.905938634574497,81.08322709665468,87.40296956344596,23.829900385266946,22.56736277020493,32.17119256655487,19.437639996760325,103.61414938787705,93.46568187686242,86.65930396171765,90.76369275042326,8.879280147999719,8.306802061834015,9.699574774913305,8.271332562825116,17.34325111203119,9.490975331205565,8.758185802807027,9.189350073195278,0.4360032063625433,LOW_RESISTANCE
virtual_0257,MEAN_LIKE,128.3886936723041,222.19771118887468,51.51334067360344,20.082897605306627,122.14423289203692,95.14219460641344,55.71605721194634,24.807003321228937,72.61074372805331,88.5231665597561,22.69699859527141,19.1897342005717,38.57696103860498,18.84027501953215,84.07973173947532,86.70822141178166,79.13130405137251,86.565199691364,9.13640664814921,7.042766075064798,7.571169949033939,7.876392297561144,18.22168045681789,9.697180805279805,9.789911626843548,7.758660782141972,1.1815591609933098,MID_RESISTANCE
virtual_0830,NARROW_HIGH_PRESSURE,90.94593463982932,85.10332375932644,47.83941751640959,17.755974709238153,105.52182036604026,89.12339031843798,52.688537704659105,27.121848958723188,75.57917530273876,91.2474763043008,20.727668786359356,20.760172100999796,35.36723696713871,18.66731521489548,89.08631116667732,84.5475611388022,76.03017280896479,102.94975306509095,7.1009973127913195,6.995401497376346,9.734528321320239,7.167448283921408,16.97727888035803,8.75226780306282,8.244940947405533,9.77428610954834,4.443474361551324,HIGH_RESISTANCE
