virtual_id,case_type,A_glotis,A_epiglotis,r_curvature,d_trachea,l_trachea,teta_branch_trachea,l_l,l_r,teta_branch_l,teta_branch_r,l_ll,l_lr,l_rl,l_rr,teta_branch_ll,teta_branch_lr,teta_branch_rl,teta_branch_rr,l_lll,l_llr,l_lrl,l_lrr,l_rll,l_rlr,l_rrl,l_rrr,resistance_proxy,proxy_ratio,proxy_ratio_limited,predicted_amplitude_Pa,predicted_p99_Pa,predicted_pressure_class
virtual_0760,WIDE_LOW_PRESSURE,227.89193070890775,328.24109042380553,50.71642979249738,18.237435507077073,124.50789407495176,99.29703001938708,56.9000921215171,26.905938634574497,81.08322709665468,87.40296956344596,23.829900385266946,22.56736277020493,32.17119256655487,19.437639996760325,103.61414938787703,93.46568187686242,86.65930396171765,90.76369275042326,8.879280147999719,8.306802061834015,9.699574774913303,8.271332562825116,17.34325111203119,9.490975331205563,8.758185802807027,9.189350073195278,0.4360032063625434,0.3555812644715138,0.3555812644715138,15.69535701377262,15.69535701377262,LOW_PRESSURE
virtual_0257,MEAN_LIKE,128.3886936723041,222.19771118887468,51.51334067360344,20.082897605306627,122.14423289203692,95.14219460641344,55.71605721194634,24.807003321228937,72.61074372805331,88.5231665597561,22.69699859527141,19.1897342005717,38.57696103860498,18.84027501953215,84.07973173947532,86.70822141178166,79.13130405137251,86.565199691364,9.13640664814921,7.042766075064798,7.571169949033939,7.876392297561144,18.22168045681789,9.697180805279803,9.789911626843548,7.758660782141972,1.1815591609933098,0.9636174559793234,0.9636174559793234,42.534074506927325,42.534074506927325,MID_PRESSURE
virtual_0018,NARROW_HIGH_PRESSURE,123.36549666647836,86.11094309307116,52.275007654522234,16.986395693351394,108.51676477179038,83.86844210944108,55.7308213895487,26.4310964718315,84.25549464105325,84.07745718318024,22.526368180364543,21.262452289321654,37.84573153651249,18.759204648334272,84.59062720281986,92.32077416509372,77.75606491428233,90.89498288120608,12.4089966120803,8.15641504138492,9.792488170296242,8.545153375266354,18.08639741467847,10.729431212360463,9.95258405510248,7.394616430149123,3.69374420339684,3.012423338433063,3.0,132.42000000000004,132.42000000000004,HIGH_PRESSURE
